<bpy>
  <Theme>
    <user_interface>
      <ThemeUserInterface
        menu_shadow_fac="0.13"
        menu_shadow_width="11"
        icon_alpha="1"
        icon_saturation="0.5"
        widget_emboss="#1A191805"
        editor_border="#1A1918"
        editor_outline="#1A191815"
        editor_outline_active="#C23A2B2a"
        widget_text_cursor="#B8954F"
        panel_roundness="0.2"
        panel_header="#3D3229ff"
        panel_title="#E8DCC4"
        panel_text="#E8DCC4"
        panel_back="#3D3229ff"
        panel_sub_back="#00000000"
        panel_outline="#1A191800"
        panel_active="#B8954Fff"
        transparent_checker_primary="#3D3229"
        transparent_checker_secondary="#1A1918"
        transparent_checker_size="8"
        axis_x="#C23A2B"
        axis_y="#2D6B6B"
        axis_z="#B8954F"
        axis_w="#D4793A"
        gizmo_hi="#F4EDE1"
        gizmo_primary="#B8954F"
        gizmo_secondary="#2D6B6B"
        gizmo_view_align="#F4EDE1"
        gizmo_a="#2D6B6B"
        gizmo_b="#C23A2B"
        icon_scene="#E8DCC4ff"
        icon_collection="#F4EDE1ff"
        icon_object="#D4793Aff"
        icon_object_data="#2D6B6Bff"
        icon_modifier="#B8954Fff"
        icon_shading="#C23A2Bff"
        icon_folder="#E8DCC4ff"
        icon_autokey="#C23A2Bff"
        icon_border_intensity="0.3"
        >
        <wcol_regular>
          <ThemeWidgetColors
            outline="#1A1918b3"
            outline_sel="#3D3229bf"
            inner="#3D3229ff"
            inner_sel="#C23A2Bff"
            item="#C23A2Bff"
            text="#E8DCC4"
            text_sel="#F4EDE1"
            show_shaded="FALSE"
            shadetop="0"
            shadedown="0"
            roundness="0.2"
            >
          </ThemeWidgetColors>
        </wcol_regular>
        <wcol_tool>
          <ThemeWidgetColors
            outline="#1A1918b3"
            outline_sel="#3D3229bf"
            inner="#3D3229ff"
            inner_sel="#C23A2Bff"
            item="#1A1918ff"
            text="#E8DCC4"
            text_sel="#F4EDE1"
            show_shaded="FALSE"
            shadetop="15"
            shadedown="-15"
            roundness="0.2"
            >
          </ThemeWidgetColors>
        </wcol_tool>
        <wcol_toolbar_item>
          <ThemeWidgetColors
            outline="#1A1918b3"
            outline_sel="#1A1918b3"
            inner="#3D3229ff"
            inner_sel="#1A1918ff"
            item="#3D322992"
            text="#E8DCC4"
            text_sel="#E8DCC4"
            show_shaded="FALSE"
            shadetop="0"
            shadedown="0"
            roundness="0.2"
            >
          </ThemeWidgetColors>
        </wcol_toolbar_item>
        <wcol_radio>
          <ThemeWidgetColors
            outline="#1A1918b3"
            outline_sel="#3D3229bf"
            inner="#3D3229ff"
            inner_sel="#C23A2Bff"
            item="#1A1918ff"
            text="#E8DCC4"
            text_sel="#F4EDE1"
            show_shaded="FALSE"
            shadetop="15"
            shadedown="-15"
            roundness="0.2"
            >
          </ThemeWidgetColors>
        </wcol_radio>
        <wcol_text>
          <ThemeWidgetColors
            outline="#1A1918ff"
            outline_sel="#3D3229ff"
            inner="#1A1918ff"
            inner_sel="#1A1918ff"
            item="#2D6B6Bff"
            text="#E8DCC4"
            text_sel="#F4EDE1"
            show_shaded="FALSE"
            shadetop="0"
            shadedown="25"
            roundness="0.2"
            >
          </ThemeWidgetColors>
        </wcol_text>
        <wcol_option>
          <ThemeWidgetColors
            outline="#3D3229ff"
            outline_sel="#3D3229ff"
            inner="#3D3229ff"
            inner_sel="#C23A2Bff"
            item="#1A1918ff"
            text="#E8DCC4"
            text_sel="#F4EDE1"
            show_shaded="FALSE"
            shadetop="15"
            shadedown="-15"
            roundness="0.2"
            >
          </ThemeWidgetColors>
        </wcol_option>
        <wcol_toggle>
          <ThemeWidgetColors
            outline="#1A1918b3"
            outline_sel="#3D3229bf"
            inner="#3D3229ff"
            inner_sel="#C23A2Bff"
            item="#1A1918ff"
            text="#E8DCC4"
            text_sel="#F4EDE1"
            show_shaded="FALSE"
            shadetop="0"
            shadedown="0"
            roundness="0.2"
            >
          </ThemeWidgetColors>
        </wcol_toggle>
        <wcol_num>
          <ThemeWidgetColors
            outline="#1A1918ff"
            outline_sel="#1A1918ff"
            inner="#1A1918ff"
            inner_sel="#1A1918ff"
            item="#2D6B6Bff"
            text="#E8DCC4"
            text_sel="#F4EDE1"
            show_shaded="FALSE"
            shadetop="-20"
            shadedown="0"
            roundness="0.2"
            >
          </ThemeWidgetColors>
        </wcol_num>
        <wcol_numslider>
          <ThemeWidgetColors
            outline="#1A1918bf"
            outline_sel="#1A1918ff"
            inner="#3D3229ff"
            inner_sel="#2D6B6Bff"
            item="#1A1918ff"
            text="#E8DCC4"
            text_sel="#F4EDE1"
            show_shaded="FALSE"
            shadetop="-20"
            shadedown="0"
            roundness="0.2"
            >
          </ThemeWidgetColors>
        </wcol_numslider>
        <wcol_box>
          <ThemeWidgetColors
            outline="#1A1918d2"
            outline_sel="#3D3229ff"
            inner="#3D3229ff"
            inner_sel="#3D3229ff"
            item="#1A1918ff"
            text="#E8DCC4"
            text_sel="#E8DCC4"
            show_shaded="FALSE"
            shadetop="0"
            shadedown="0"
            roundness="0.2"
            >
          </ThemeWidgetColors>
        </wcol_box>
        <wcol_curve>
          <ThemeWidgetColors
            outline="#3D3229ff"
            outline_sel="#B8954Fff"
            inner="#3D3229ff"
            inner_sel="#1A1918ff"
            item="#1A191859"
            text="#1A1918"
            text_sel="#E8DCC4"
            show_shaded="FALSE"
            shadetop="0"
            shadedown="0"
            roundness="0.2"
            >
          </ThemeWidgetColors>
        </wcol_curve>
        <wcol_menu>
          <ThemeWidgetColors
            outline="#1A1918b3"
            outline_sel="#3D3229bf"
            inner="#3D3229ff"
            inner_sel="#1A1918ff"
            item="#E8DCC4ff"
            text="#E8DCC4"
            text_sel="#E8DCC4"
            show_shaded="FALSE"
            shadetop="15"
            shadedown="-15"
            roundness="0.2"
            >
          </ThemeWidgetColors>
        </wcol_menu>
        <wcol_pulldown>
          <ThemeWidgetColors
            outline="#C23A2Bff"
            outline_sel="#3D322900"
            inner="#3D322900"
            inner_sel="#C23A2B00"
            item="#1A1918ff"
            text="#E8DCC4"
            text_sel="#C23A2B"
            show_shaded="FALSE"
            shadetop="25"
            shadedown="-20"
            roundness="0"
            >
          </ThemeWidgetColors>
        </wcol_pulldown>
        <wcol_menu_back>
          <ThemeWidgetColors
            outline="#3D3229ff"
            outline_sel="#1A1918ff"
            inner="#3D3229ff"
            inner_sel="#3D3229ff"
            item="#3D3229ff"
            text="#E8DCC4"
            text_sel="#F4EDE1"
            show_shaded="FALSE"
            shadetop="25"
            shadedown="-20"
            roundness="0.2"
            >
          </ThemeWidgetColors>
        </wcol_menu_back>
        <wcol_pie_menu>
          <ThemeWidgetColors
            outline="#1A1918e1"
            outline_sel="#1A1918ea"
            inner="#3D3229ff"
            inner_sel="#C23A2Bff"
            item="#C23A2Bff"
            text="#E8DCC4"
            text_sel="#F4EDE1"
            show_shaded="FALSE"
            shadetop="10"
            shadedown="-10"
            roundness="0.2"
            >
          </ThemeWidgetColors>
        </wcol_pie_menu>
        <wcol_tooltip>
          <ThemeWidgetColors
            outline="#3D3229ff"
            outline_sel="#1A1918ff"
            inner="#F4EDE1fa"
            inner_sel="#F4EDE1fa"
            item="#3D3229ff"
            text="#1A1918"
            text_sel="#1A1918"
            show_shaded="FALSE"
            shadetop="25"
            shadedown="-20"
            roundness="0.2"
            >
          </ThemeWidgetColors>
        </wcol_tooltip>
        <wcol_menu_item>
          <ThemeWidgetColors
            outline="#1A191800"
            outline_sel="#3D322900"
            inner="#3D322900"
            inner_sel="#C23A2Bd7"
            item="#1A1918ff"
            text="#E8DCC4"
            text_sel="#F4EDE1"
            show_shaded="FALSE"
            shadetop="38"
            shadedown="0"
            roundness="0.2"
            >
          </ThemeWidgetColors>
        </wcol_menu_item>
        <wcol_scroll>
          <ThemeWidgetColors
            outline="#3D3229ff"
            outline_sel="#3D3229ff"
            inner="#3D3229b4"
            inner_sel="#3D3229b4"
            item="#3D3229ff"
            text="#1A1918"
            text_sel="#1A1918"
            show_shaded="FALSE"
            shadetop="5"
            shadedown="-5"
            roundness="1"
            >
          </ThemeWidgetColors>
        </wcol_scroll>
        <wcol_progress>
          <ThemeWidgetColors
            outline="#3D3229ff"
            outline_sel="#3D3229ff"
            inner="#1A1918ff"
            inner_sel="#3D3229ff"
            item="#2D6B6Bff"
            text="#E8DCC4"
            text_sel="#F4EDE1"
            show_shaded="FALSE"
            shadetop="5"
            shadedown="-5"
            roundness="0.2"
            >
          </ThemeWidgetColors>
        </wcol_progress>
        <wcol_list_item>
          <ThemeWidgetColors
            outline="#1A191800"
            outline_sel="#1A191849"
            inner="#00000000"
            inner_sel="#3D3229ff"
            item="#1A1918ff"
            text="#E8DCC4"
            text_sel="#C23A2B"
            show_shaded="FALSE"
            shadetop="0"
            shadedown="0"
            roundness="0.2"
            >
          </ThemeWidgetColors>
        </wcol_list_item>
        <wcol_state>
          <ThemeWidgetStateColors
            error="#C23A2Bff"
            warning="#D4793Aff"
            info="#2D6B6Bff"
            success="#2D6B6Bff"
            inner_anim="#2D6B6B"
            inner_anim_sel="#2D6B6B"
            inner_key="#D4793A"
            inner_key_sel="#D4793A"
            inner_driven="#B8954F"
            inner_driven_sel="#B8954F"
            inner_overridden="#2D6B6B"
            inner_overridden_sel="#2D6B6B"
            inner_changed="#C23A2B"
            inner_changed_sel="#C23A2B"
            blend="0.6"
            >
          </ThemeWidgetStateColors>
        </wcol_state>
        <wcol_tab>
          <ThemeWidgetColors
            outline="#1A191800"
            outline_sel="#1A191800"
            inner="#1A1918ff"
            inner_sel="#3D3229ff"
            item="#3D3229ff"
            text="#E8DCC4"
            text_sel="#C23A2B"
            show_shaded="FALSE"
            shadetop="5"
            shadedown="-10"
            roundness="0.2"
            >
          </ThemeWidgetColors>
        </wcol_tab>
      </ThemeUserInterface>
    </user_interface>
    <regions>
      <ThemeRegions>
        <asset_shelf>
          <ThemeRegionsAssetShelf
            back="#1A1918ff"
            header_back="#1A1918ff"
            >
          </ThemeRegionsAssetShelf>
        </asset_shelf>
        <channels>
          <ThemeRegionsChannels
            back="#3D3229"
            text="#E8DCC4"
            text_selected="#C23A2B"
            >
          </ThemeRegionsChannels>
        </channels>
        <scrubbing>
          <ThemeRegionsScrubbing
            back="#3D3229ff"
            text="#E8DCC4"
            time_marker="#F4EDE14d"
            time_marker_selected="#F4EDE1b3"
            >
          </ThemeRegionsScrubbing>
        </scrubbing>
        <sidebars>
          <ThemeRegionsSidebars
            back="#3D322900"
            tab_back="#1A191800"
            >
          </ThemeRegionsSidebars>
        </sidebars>
      </ThemeRegions>
    </regions>
    <common>
      <ThemeCommon>
        <anim>
          <ThemeCommonAnim
            playhead="#C23A2B"
            preview_range="#D4793A66"
            scene_strip_range="#1A191880"
            channels="#3D322980"
            channels_sub="#1A191880"
            channel_group="#3D32295c"
            channel_group_active="#3D322958"
            channel="#3D3229a4"
            channel_selected="#2D6B6B44"
            keyframe="#E8DCC4"
            keyframe_selected="#C23A2B"
            keyframe_extreme="#D4793A"
            keyframe_extreme_selected="#D4793A"
            keyframe_breakdown="#2D6B6B"
            keyframe_breakdown_selected="#2D6B6B"
            keyframe_jitter="#B8954F"
            keyframe_jitter_selected="#B8954F"
            keyframe_moving_hold="#3D3229"
            keyframe_moving_hold_selected="#C23A2B"
            keyframe_generated="#3D3229"
            keyframe_generated_selected="#D4793A"
            long_key="#F4EDE11f"
            long_key_selected="#C23A2B99"
            >
          </ThemeCommonAnim>
        </anim>
        <curves>
          <ThemeCommonCurves
            handle_free="#3D3229"
            handle_sel_free="#B8954F"
            handle_auto="#D4793A"
            handle_sel_auto="#D4793A"
            handle_vect="#2D6B6B"
            handle_sel_vect="#2D6B6B"
            handle_align="#3D3229"
            handle_sel_align="#B8954F"
            handle_auto_clamped="#C23A2B"
            handle_sel_auto_clamped="#C23A2B"
            handle_vertex="#B8954F"
            handle_vertex_select="#C23A2B"
            handle_vertex_size="5"
            >
          </ThemeCommonCurves>
        </curves>
      </ThemeCommon>
    </common>
    <view_3d>
      <ThemeView3D
        grid="#3D322980"
        clipping_border_3d="#1A1918ff"
        wire="#2D6B6B"
        wire_edit="#2D6B6B"
        edge_width="1"
        gp_vertex="#1A1918"
        gp_vertex_select="#C23A2B"
        gp_vertex_size="3"
        text_grease_pencil="#B8954F"
        object_selected="#2D6B6B"
        object_active="#C23A2B"
        camera="#1A1918"
        empty="#1A1918"
        light="#1A191850"
        speaker="#1A1918"
        vertex="#1A1918"
        vertex_select="#C23A2B"
        vertex_size="3"
        edge_select="#D4793A"
        edge_mode_select="#B8954F"
        face="#1A191814"
        face_select="#C23A2B3b"
        face_mode_select="#D4793A33"
        facedot_size="2"
        face_back="#C23A2Bb3"
        face_front="#2D6B6B00"
        bevel="#2D6B6B"
        seam="#C23A2B"
        sharp="#2D6B6B"
        crease="#D4793A"
        freestyle="#B8954F4d"
        extra_edge_len="#1A1918"
        extra_edge_angle="#1A1918"
        extra_face_angle="#1A1918"
        extra_face_area="#1A1918"
        editmesh_active="#F4EDE180"
        normal="#2D6B6B"
        vertex_normal="#2D6B6B"
        split_normal="#D4793A"
        vertex_unreferenced="#3D3229"
        face_retopology="#2D6B6B0f"
        nurb_uline="#D4793A"
        nurb_vline="#3D3229"
        nurb_sel_uline="#B8954F"
        nurb_sel_vline="#B8954F"
        bone_pose="#2D6B6B"
        bone_pose_active="#2D6B6B"
        bone_solid="#E8DCC4"
        bone_locked_weight="#C23A2B80"
        before_current_frame="#C23A2B"
        after_current_frame="#B8954F"
        bundle_solid="#E8DCC4"
        camera_path="#1A1918"
        camera_passepartout="#1A1918"
        skin_root="#1A1918"
        view_overlay="#1A1918"
        transform="#F4EDE1"
        outline_width="1"
        object_origin_size="6"
        >
        <space>
          <ThemeSpaceGradient
            title="#E8DCC4"
            text="#E8DCC4"
            text_hi="#F4EDE1"
            header="#3D3229bf"
            header_text="#E8DCC4"
            header_text_hi="#F4EDE1"
            >
            <gradients>
              <ThemeGradientColors
                background_type="RADIAL"
                high_gradient="#1A1918"
                gradient="#1A1918"
                >
              </ThemeGradientColors>
            </gradients>
          </ThemeSpaceGradient>
        </space>
      </ThemeView3D>
    </view_3d>
    <graph_editor>
      <ThemeGraphEditor
        grid="#1A1918"
        vertex="#F4EDE1"
        vertex_select="#C23A2B"
        vertex_active="#F4EDE1"
        vertex_size="4"
        >
        <space>
          <ThemeSpaceGeneric
            back="#3D3229"
            title="#E8DCC4"
            text="#E8DCC4"
            text_hi="#F4EDE1"
            header="#3D3229bf"
            header_text="#E8DCC4"
            header_text_hi="#F4EDE1"
            >
          </ThemeSpaceGeneric>
        </space>
      </ThemeGraphEditor>
    </graph_editor>
    <file_browser>
      <ThemeFileBrowser
        selected_file="#C23A2B"
        row_alternate="#F4EDE104"
        >
        <space>
          <ThemeSpaceGeneric
            back="#1A1918"
            title="#E8DCC4"
            text="#E8DCC4"
            text_hi="#E8DCC4"
            header="#3D3229bf"
            header_text="#E8DCC4"
            header_text_hi="#E8DCC4"
            >
          </ThemeSpaceGeneric>
        </space>
      </ThemeFileBrowser>
    </file_browser>
    <nla_editor>
      <ThemeNLAEditor
        grid="#3D3229"
        active_action="#D4793A66"
        active_action_unset="#3D32294d"
        strips="#1A1918"
        strips_selected="#C23A2B"
        transition_strips="#1A1918"
        transition_strips_selected="#2D6B6B"
        meta_strips="#3D3229"
        meta_strips_selected="#B8954F"
        sound_strips="#1A1918"
        sound_strips_selected="#2D6B6B"
        tweak="#B8954F"
        tweak_duplicate="#C23A2B"
        keyframe_border="#1A1918ff"
        keyframe_border_selected="#1A1918ff"
        >
        <space>
          <ThemeSpaceGeneric
            back="#3D3229"
            title="#E8DCC4"
            text="#E8DCC4"
            text_hi="#E8DCC4"
            header="#3D3229bf"
            header_text="#E8DCC4"
            header_text_hi="#F4EDE1"
            >
          </ThemeSpaceGeneric>
        </space>
      </ThemeNLAEditor>
    </nla_editor>
    <dopesheet_editor>
      <ThemeDopeSheet
        grid="#1A1918"
        keyframe_border="#1A1918ff"
        keyframe_border_selected="#1A1918ff"
        keyframe_scale_factor="1"
        summary="#3D32291a"
        interpolation_line="#B8954Fcc"
        simulated_frames="#C23A2Bff"
        >
        <space>
          <ThemeSpaceGeneric
            back="#3D3229"
            title="#E8DCC4"
            text="#E8DCC4"
            text_hi="#F4EDE1"
            header="#3D3229bf"
            header_text="#F4EDE1"
            header_text_hi="#E8DCC4"
            >
          </ThemeSpaceGeneric>
        </space>
      </ThemeDopeSheet>
    </dopesheet_editor>
    <image_editor>
      <ThemeImageEditor
        grid="#3D3229bf"
        vertex="#1A1918"
        vertex_select="#C23A2B"
        vertex_size="3"
        face="#E8DCC41a"
        face_select="#D4793A4d"
        face_mode_select="#00000000"
        facedot_size="2"
        editmesh_active="#D4793A4d"
        wire_edit="#E8DCC4"
        edge_width="1"
        edge_select="#C23A2B"
        scope_back="#3D3229ff"
        preview_stitch_face="#2D6B6B26"
        preview_stitch_edge="#C23A2Bb2"
        preview_stitch_vert="#C23A2B7f"
        preview_stitch_stitchable="#B8954Fff"
        preview_stitch_unstitchable="#C23A2Bff"
        preview_stitch_active="#E8DCC423"
        uv_shadow="#3D3229ff"
        metadatabg="#1A1918"
        metadatatext="#F4EDE1"
        >
        <space>
          <ThemeSpaceGeneric
            back="#1A1918"
            title="#E8DCC4"
            text="#E8DCC4"
            text_hi="#F4EDE1"
            header="#3D3229bf"
            header_text="#E8DCC4"
            header_text_hi="#F4EDE1"
            >
          </ThemeSpaceGeneric>
        </space>
      </ThemeImageEditor>
    </image_editor>
    <sequence_editor>
      <ThemeSequenceEditor
        grid="#3D3229"
        movie_strip="#2D6B6B"
        movieclip_strip="#2D6B6B"
        image_strip="#3D3229"
        scene_strip="#2D6B6B"
        audio_strip="#2D6B6B"
        effect_strip="#D4793A"
        transition_strip="#3D3229"
        color_strip="#3D3229"
        meta_strip="#3D3229"
        mask_strip="#C23A2B"
        text_strip="#D4793A"
        active_strip="#E8DCC4"
        selected_strip="#C23A2B"
        keyframe_border="#1A1918ff"
        keyframe_border_selected="#1A1918ff"
        preview_back="#1A1918"
        metadatabg="#1A1918"
        metadatatext="#E8DCC4"
        row_alternate="#F4EDE105"
        text_strip_cursor="#B8954Fff"
        selected_text="#F4EDE14d"
        >
        <space>
          <ThemeSpaceGeneric
            back="#3D3229"
            title="#E8DCC4"
            text="#E8DCC4"
            text_hi="#E8DCC4"
            header="#3D3229bf"
            header_text="#E8DCC4"
            header_text_hi="#F4EDE1"
            >
          </ThemeSpaceGeneric>
        </space>
      </ThemeSequenceEditor>
    </sequence_editor>
    <properties>
      <ThemeProperties
        match="#2D6B6B"
        >
        <space>
          <ThemeSpaceGeneric
            back="#3D3229"
            title="#E8DCC4"
            text="#E8DCC4"
            text_hi="#F4EDE1"
            header="#3D3229bf"
            header_text="#E8DCC4"
            header_text_hi="#F4EDE1"
            >
          </ThemeSpaceGeneric>
        </space>
      </ThemeProperties>
    </properties>
    <text_editor>
      <ThemeTextEditor
        line_numbers="#E8DCC4"
        line_numbers_background="#1A1918"
        selected_text="#3D3229"
        cursor="#B8954F"
        syntax_builtin="#C23A2B"
        syntax_symbols="#E8DCC4"
        syntax_special="#2D6B6B"
        syntax_preprocessor="#2D6B6B"
        syntax_reserved="#B8954F"
        syntax_comment="#3D3229"
        syntax_string="#D4793A"
        syntax_numbers="#B8954F"
        >
        <space>
          <ThemeSpaceGeneric
            back="#1A1918"
            title="#E8DCC4"
            text="#E8DCC4"
            text_hi="#C23A2B"
            header="#3D3229bf"
            header_text="#E8DCC4"
            header_text_hi="#F4EDE1"
            >
          </ThemeSpaceGeneric>
        </space>
      </ThemeTextEditor>
    </text_editor>
    <node_editor>
      <ThemeNodeEditor
        grid="#3D3229"
        node_selected="#B8954F"
        node_active="#C23A2B"
        wire="#1A1918b3"
        wire_inner="#B8954F"
        wire_select="#C23A2Bf2"
        node_backdrop="#3D3229ff"
        converter_node="#2D6B6B"
        color_node="#3D3229"
        group_node="#2D6B6B"
        group_socket_node="#3D3229"
        frame_node="#1A191863"
        matte_node="#3D3229"
        distor_node="#2D6B6B"
        noodle_curving="4"
        grid_levels="0"
        dash_alpha="0.35"
        input_node="#3D3229"
        output_node="#3D3229"
        filter_node="#3D3229"
        vector_node="#2D6B6B"
        texture_node="#2D6B6B"
        shader_node="#2D6B6B"
        script_node="#3D3229"
        geometry_node="#2D6B6B"
        attribute_node="#3D3229"
        simulation_zone="#3D322959"
        repeat_zone="#3D322959"
        foreach_geometry_element_zone="#2D6B6B59"
        closure_zone="#D4793A33"
        >
        <space>
          <ThemeSpaceGeneric
            back="#1A1918"
            title="#E8DCC4"
            text="#E8DCC4"
            text_hi="#E8DCC4"
            header="#3D3229b3"
            header_text="#E8DCC4"
            header_text_hi="#F4EDE1"
            >
          </ThemeSpaceGeneric>
        </space>
      </ThemeNodeEditor>
    </node_editor>
    <outliner>
      <ThemeOutliner
        match="#2D6B6B"
        selected_highlight="#3D3229"
        active="#1A1918"
        selected_object="#D4793A"
        active_object="#C23A2B"
        edited_object="#2D6B6B66"
        row_alternate="#3D3229ff"
        >
        <space>
          <ThemeSpaceGeneric
            back="#3D3229"
            title="#E8DCC4"
            text="#E8DCC4"
            text_hi="#F4EDE1"
            header="#3D3229bf"
            header_text="#E8DCC4"
            header_text_hi="#F4EDE1"
            >
          </ThemeSpaceGeneric>
        </space>
      </ThemeOutliner>
    </outliner>
    <info>
      <ThemeInfo
        info_selected="#3D3229"
        info_selected_text="#C23A2B"
        info_error_text="#E8DCC4"
        info_warning_text="#E8DCC4"
        info_info_text="#E8DCC4"
        info_debug="#E8DCC4ff"
        info_debug_text="#1A1918"
        info_property="#2D6B6Bff"
        info_property_text="#E8DCC4"
        info_operator="#2D6B6Bff"
        info_operator_text="#E8DCC4"
        >
        <space>
          <ThemeSpaceGeneric
            back="#1A1918"
            title="#E8DCC4"
            text="#E8DCC4"
            text_hi="#E8DCC4"
            header="#3D3229bf"
            header_text="#E8DCC4"
            header_text_hi="#F4EDE1"
            >
          </ThemeSpaceGeneric>
        </space>
      </ThemeInfo>
    </info>
    <preferences>
      <ThemePreferences>
        <space>
          <ThemeSpaceGeneric
            back="#3D3229"
            title="#E8DCC4"
            text="#E8DCC4"
            text_hi="#F4EDE1"
            header="#3D3229bf"
            header_text="#E8DCC4"
            header_text_hi="#F4EDE1"
            >
          </ThemeSpaceGeneric>
        </space>
      </ThemePreferences>
    </preferences>
    <console>
      <ThemeConsole
        line_output="#E8DCC4"
        line_input="#E8DCC4"
        line_info="#2D6B6B"
        line_error="#C23A2B"
        cursor="#F4EDE1"
        select="#2D6B6B81"
        >
        <space>
          <ThemeSpaceGeneric
            back="#1A1918"
            title="#F4EDE1"
            text="#F4EDE1"
            text_hi="#F4EDE1"
            header="#3D3229bf"
            header_text="#E8DCC4"
            header_text_hi="#F4EDE1"
            >
          </ThemeSpaceGeneric>
        </space>
      </ThemeConsole>
    </console>
    <clip_editor>
      <ThemeClipEditor
        grid="#1A1918ff"
        marker_outline="#1A1918"
        marker="#D4793A"
        active_marker="#F4EDE1"
        selected_marker="#C23A2B"
        disabled_marker="#C23A2B"
        locked_marker="#3D3229"
        path_before="#C23A2B"
        path_after="#2D6B6B"
        path_keyframe_before="#D4793A"
        path_keyframe_after="#2D6B6B"
        metadatabg="#1A1918"
        metadatatext="#F4EDE1"
        >
        <space>
          <ThemeSpaceGeneric
            back="#3D3229"
            title="#E8DCC4"
            text="#E8DCC4"
            text_hi="#C23A2B"
            header="#3D3229bf"
            header_text="#E8DCC4"
            header_text_hi="#F4EDE1"
            >
          </ThemeSpaceGeneric>
        </space>
      </ThemeClipEditor>
    </clip_editor>
    <topbar>
      <ThemeTopBar>
        <space>
          <ThemeSpaceGeneric
            back="#1A1918"
            title="#F4EDE1"
            text="#E8DCC4"
            text_hi="#F4EDE1"
            header="#1A1918b3"
            header_text="#E8DCC4"
            header_text_hi="#F4EDE1"
            >
          </ThemeSpaceGeneric>
        </space>
      </ThemeTopBar>
    </topbar>
    <statusbar>
      <ThemeStatusBar>
        <space>
          <ThemeSpaceGeneric
            back="#1A1918"
            title="#F4EDE1"
            text="#E8DCC4"
            text_hi="#F4EDE1"
            header="#1A1918b3"
            header_text="#E8DCC4"
            header_text_hi="#F4EDE1"
            >
          </ThemeSpaceGeneric>
        </space>
      </ThemeStatusBar>
    </statusbar>
    <spreadsheet>
      <ThemeSpreadsheet
        row_alternate="#1A191882"
        >
        <space>
          <ThemeSpaceGeneric
            back="#1A1918"
            title="#E8DCC4"
            text="#E8DCC4"
            text_hi="#E8DCC4"
            header="#3D3229bf"
            header_text="#E8DCC4"
            header_text_hi="#E8DCC4"
            >
          </ThemeSpaceGeneric>
        </space>
      </ThemeSpreadsheet>
    </spreadsheet>
    <bone_color_sets>
      <ThemeBoneColorSet
        normal="#C23A2B"
        select="#C23A2B"
        active="#C23A2B"
        show_colored_constraints="FALSE"
        >
      </ThemeBoneColorSet>
      <ThemeBoneColorSet
        normal="#D4793A"
        select="#D4793A"
        active="#D4793A"
        show_colored_constraints="FALSE"
        >
      </ThemeBoneColorSet>
      <ThemeBoneColorSet
        normal="#2D6B6B"
        select="#2D6B6B"
        active="#2D6B6B"
        show_colored_constraints="FALSE"
        >
      </ThemeBoneColorSet>
      <ThemeBoneColorSet
        normal="#2D6B6B"
        select="#2D6B6B"
        active="#2D6B6B"
        show_colored_constraints="FALSE"
        >
      </ThemeBoneColorSet>
      <ThemeBoneColorSet
        normal="#C23A2B"
        select="#C23A2B"
        active="#C23A2B"
        show_colored_constraints="FALSE"
        >
      </ThemeBoneColorSet>
      <ThemeBoneColorSet
        normal="#B8954F"
        select="#B8954F"
        active="#B8954F"
        show_colored_constraints="FALSE"
        >
      </ThemeBoneColorSet>
      <ThemeBoneColorSet
        normal="#2D6B6B"
        select="#2D6B6B"
        active="#2D6B6B"
        show_colored_constraints="FALSE"
        >
      </ThemeBoneColorSet>
      <ThemeBoneColorSet
        normal="#3D3229"
        select="#3D3229"
        active="#3D3229"
        show_colored_constraints="FALSE"
        >
      </ThemeBoneColorSet>
      <ThemeBoneColorSet
        normal="#D4793A"
        select="#D4793A"
        active="#D4793A"
        show_colored_constraints="FALSE"
        >
      </ThemeBoneColorSet>
      <ThemeBoneColorSet
        normal="#1A1918"
        select="#3D3229"
        active="#F4EDE1"
        show_colored_constraints="FALSE"
        >
      </ThemeBoneColorSet>
      <ThemeBoneColorSet
        normal="#B8954F"
        select="#B8954F"
        active="#B8954F"
        show_colored_constraints="FALSE"
        >
      </ThemeBoneColorSet>
      <ThemeBoneColorSet
        normal="#B8954F"
        select="#B8954F"
        active="#B8954F"
        show_colored_constraints="FALSE"
        >
      </ThemeBoneColorSet>
      <ThemeBoneColorSet
        normal="#E8DCC4"
        select="#E8DCC4"
        active="#E8DCC4"
        show_colored_constraints="FALSE"
        >
      </ThemeBoneColorSet>
      <ThemeBoneColorSet
        normal="#D4793A"
        select="#D4793A"
        active="#D4793A"
        show_colored_constraints="FALSE"
        >
      </ThemeBoneColorSet>
      <ThemeBoneColorSet
        normal="#2D6B6B"
        select="#2D6B6B"
        active="#2D6B6B"
        show_colored_constraints="FALSE"
        >
      </ThemeBoneColorSet>
      <ThemeBoneColorSet
        normal="#1A1918"
        select="#1A1918"
        active="#1A1918"
        show_colored_constraints="FALSE"
        >
      </ThemeBoneColorSet>
      <ThemeBoneColorSet
        normal="#1A1918"
        select="#1A1918"
        active="#1A1918"
        show_colored_constraints="FALSE"
        >
      </ThemeBoneColorSet>
      <ThemeBoneColorSet
        normal="#1A1918"
        select="#1A1918"
        active="#1A1918"
        show_colored_constraints="FALSE"
        >
      </ThemeBoneColorSet>
      <ThemeBoneColorSet
        normal="#1A1918"
        select="#1A1918"
        active="#1A1918"
        show_colored_constraints="FALSE"
        >
      </ThemeBoneColorSet>
      <ThemeBoneColorSet
        normal="#1A1918"
        select="#1A1918"
        active="#1A1918"
        show_colored_constraints="FALSE"
        >
      </ThemeBoneColorSet>
    </bone_color_sets>
    <collection_color>
      <ThemeCollectionColor
        color="#C23A2B"
        >
      </ThemeCollectionColor>
      <ThemeCollectionColor
        color="#D4793A"
        >
      </ThemeCollectionColor>
      <ThemeCollectionColor
        color="#B8954F"
        >
      </ThemeCollectionColor>
      <ThemeCollectionColor
        color="#2D6B6B"
        >
      </ThemeCollectionColor>
      <ThemeCollectionColor
        color="#2D6B6B"
        >
      </ThemeCollectionColor>
      <ThemeCollectionColor
        color="#B8954F"
        >
      </ThemeCollectionColor>
      <ThemeCollectionColor
        color="#D4793A"
        >
      </ThemeCollectionColor>
      <ThemeCollectionColor
        color="#C23A2B"
        >
      </ThemeCollectionColor>
    </collection_color>
    <strip_color>
      <ThemeStripColor
        color="#C23A2B"
        >
      </ThemeStripColor>
      <ThemeStripColor
        color="#D4793A"
        >
      </ThemeStripColor>
      <ThemeStripColor
        color="#B8954F"
        >
      </ThemeStripColor>
      <ThemeStripColor
        color="#2D6B6B"
        >
      </ThemeStripColor>
      <ThemeStripColor
        color="#2D6B6B"
        >
      </ThemeStripColor>
      <ThemeStripColor
        color="#B8954F"
        >
      </ThemeStripColor>
      <ThemeStripColor
        color="#D4793A"
        >
      </ThemeStripColor>
      <ThemeStripColor
        color="#3D3229"
        >
      </ThemeStripColor>
      <ThemeStripColor
        color="#3D3229"
        >
      </ThemeStripColor>
    </strip_color>
  </Theme>
  <ThemeStyle>
    <panel_title>
      <ThemeFontStyle
        points="11"
        character_weight="600"
        shadow="1"
        shadow_offset_x="1"
        shadow_offset_y="-1"
        shadow_alpha="0.15"
        shadow_value="0.3"
        >
      </ThemeFontStyle>
    </panel_title>
    <widget>
      <ThemeFontStyle
        points="11"
        character_weight="500"
        shadow="1"
        shadow_offset_x="0"
        shadow_offset_y="-1"
        shadow_alpha="0.15"
        shadow_value="0.3"
        >
      </ThemeFontStyle>
    </widget>
    <tooltip>
      <ThemeFontStyle
        points="11"
        character_weight="500"
        shadow="1"
        shadow_offset_x="0"
        shadow_offset_y="-1"
        shadow_alpha="0.1"
        shadow_value="0"
        >
      </ThemeFontStyle>
    </tooltip>
  </ThemeStyle>
</bpy>
